DATE,SERIES,OPEN,HIGH,LOW,PREV. CLOSE,LTP,CLOSE,VWAP,52W H,52W L,VOLUME,VALUE,NO. OF  TRADES
2023-01-02,EQ,114.4,119.7,113.75,112.65,119.1,119.25,117.82,"1,386.70",95.0,143444095,"16,89,99,38,209.60",481935
2023-01-03,EQ,119.8,120.5,117.75,119.25,118.5,118.45,119.04,"1,386.70",95.0,74419090,"8,85,90,42,586.45",279140
2023-01-04,EQ,118.75,119.05,115.35,118.45,115.45,115.75,116.56,"1,386.70",95.0,55634568,"6,48,48,36,352.55",219447
2023-01-05,EQ,116.5,117.0,114.5,115.75,116.8,116.55,115.74,"1,386.70",95.0,58806907,"6,80,60,57,647.80",238074
2023-01-06,EQ,117.0,117.85,115.25,116.55,115.6,115.65,116.57,"1,386.70",95.0,58551863,"6,82,53,54,273.05",187180
2023-01-09,EQ,116.9,118.1,116.55,115.65,117.6,117.55,117.54,"1,386.70",95.0,37763131,"4,43,86,28,753.10",184045
2023-01-10,EQ,117.65,119.75,117.55,117.55,118.7,118.85,118.63,"1,386.70",95.0,56750710,"6,73,23,75,346.95",206267
2023-01-11,EQ,119.45,120.35,118.0,118.85,118.6,118.85,119.04,"1,386.70",95.0,49321252,"5,87,12,10,496.25",182298
2023-01-12,EQ,118.95,119.25,117.6,118.85,117.9,118.1,118.16,"1,386.70",95.0,33740024,"3,98,67,28,182.75",127108
2023-01-13,EQ,118.55,121.6,118.15,118.1,120.35,120.45,120.31,"1,386.70",95.0,68884010,"8,28,73,20,121.45",242859
2023-01-16,EQ,121.45,121.45,118.8,120.45,119.65,119.95,119.8,"1,386.70",95.0,44362359,"5,31,44,17,958.05",178138
2023-01-17,EQ,119.75,119.9,118.0,119.95,119.3,119.35,119.0,"1,386.70",95.0,27880531,"3,31,77,31,473.65",117336
2023-01-18,EQ,120.0,123.0,120.0,119.35,122.2,122.45,122.08,"1,386.70",95.0,64749065,"7,90,44,67,813.20",236724
2023-01-19,EQ,121.8,124.3,121.15,122.45,123.5,123.55,123.39,"1,386.70",95.0,53564076,"6,60,93,06,267.85",238773
2023-01-20,EQ,123.4,124.2,122.0,123.55,122.9,122.95,123.27,"1,386.70",95.0,37784498,"4,65,76,78,101.50",160324
2023-01-23,EQ,123.4,123.85,121.5,122.95,121.8,122.0,122.6,"1,386.70",95.0,28601260,"3,50,64,07,861.10",133056
2023-01-24,EQ,122.5,122.55,120.1,122.0,120.4,120.4,121.01,"1,386.70",95.0,27707765,"3,35,30,43,685.55",137675
2023-01-25,EQ,120.35,122.25,120.1,120.4,121.0,121.0,120.91,"1,386.70",95.0,46522102,"5,62,48,60,373.10",152844
2023-01-27,EQ,121.9,123.25,119.1,121.0,120.65,120.65,121.04,"1,386.70",95.0,58771746,"7,11,37,14,095.55",193540
2023-01-30,EQ,120.45,121.1,116.9,120.65,118.65,118.75,118.48,"1,386.70",95.0,46551837,"5,51,53,00,590.95",197879
2023-01-31,EQ,118.75,120.45,117.75,118.75,119.6,119.7,119.48,"1,386.70",95.0,43986769,"5,25,55,11,455.05",165252
2023-02-01,EQ,120.1,124.15,119.3,119.7,122.05,122.05,122.17,"1,386.70",95.0,72919626,"8,90,82,55,658.10",218692
2023-02-02,EQ,121.95,122.5,118.4,122.05,120.0,119.95,119.7,"1,386.70",95.0,38768010,"4,64,06,08,722.05",156869
2023-02-03,EQ,120.05,121.0,117.2,119.95,120.0,120.35,119.18,"1,386.70",95.0,46977350,"5,59,87,05,778.30",180644
2023-02-06,EQ,120.0,120.0,117.0,120.35,117.2,117.45,117.84,"1,386.70",95.0,49546361,"5,83,86,95,548.50",209239
2023-02-07,EQ,112.6,115.35,110.55,117.45,111.2,111.45,112.53,"1,386.70",95.0,110953246,"12,48,55,38,285.30",427378
2023-02-08,EQ,111.45,112.75,110.1,111.45,111.6,111.45,111.47,"1,386.70",95.0,66523699,"7,41,56,60,810.80",246258
2023-02-09,EQ,112.15,112.95,109.95,111.45,111.35,111.25,111.11,"1,386.70",95.0,64710455,"7,19,01,26,333.05",195025
2023-02-10,EQ,111.0,111.25,108.3,111.25,108.75,108.8,109.08,"1,386.70",95.0,60810058,"6,63,33,01,056.70",270870
2023-02-13,EQ,108.8,110.6,108.4,108.8,109.15,108.75,109.23,"1,386.70",95.0,56186469,"6,13,69,99,513.30",213478
2023-02-14,EQ,109.55,109.9,108.25,108.75,109.3,109.25,109.07,"1,386.70",95.0,31163587,"3,39,91,53,115.15",147750
2023-02-15,EQ,109.0,110.6,108.8,109.25,110.35,110.3,109.82,"1,386.70",95.0,35544190,"3,90,33,13,900.75",150839
2023-02-16,EQ,111.0,112.2,110.65,110.3,112.0,112.0,111.38,"1,386.70",95.0,30956191,"3,44,79,51,206.65",133246
2023-02-17,EQ,111.55,113.1,111.3,112.0,112.1,112.25,112.56,"1,386.70",95.0,34107244,"3,83,92,75,198.65",150582
2023-02-20,EQ,112.3,112.7,111.05,112.25,112.55,112.35,112.16,"1,386.70",95.0,19896764,"2,23,16,99,003.55",105686
2023-02-21,EQ,112.9,114.2,112.75,112.35,113.45,113.15,113.56,"1,386.70",95.0,29830864,"3,38,74,74,094.25",149603
2023-02-22,EQ,113.25,113.7,110.65,113.15,111.15,111.15,111.85,"1,386.70",95.0,24391211,"2,72,81,86,737.25",128818
2023-02-23,EQ,111.55,113.65,111.35,111.15,112.2,112.05,112.32,"1,386.70",95.0,30845778,"3,46,44,72,213.65",153482
2023-02-24,EQ,112.5,112.9,109.55,112.05,109.85,109.75,110.47,"1,386.70",95.0,34326940,"3,79,20,36,662.95",154954
2023-02-27,EQ,109.8,110.05,105.15,109.75,106.5,106.1,106.67,"1,386.70",95.0,56217189,"5,99,65,71,618.55",276383
2023-02-28,EQ,106.85,107.05,103.55,106.1,104.1,103.95,104.68,"1,386.70",95.0,76540448,"8,01,22,43,048.10",273452
2023-03-01,EQ,104.7,107.1,104.5,103.95,105.7,105.5,105.57,"1,386.70",95.0,76175319,"8,04,18,59,455.85",212265
2023-03-02,EQ,106.05,106.9,104.35,105.5,104.85,104.65,105.14,"1,386.70",95.0,55276248,"5,81,18,26,485.25",200155
2023-03-03,EQ,106.0,107.45,105.0,104.65,107.45,107.0,105.92,"1,386.70",95.0,117175295,"12,41,09,56,853.75",212882
2023-03-06,EQ,107.5,107.6,105.0,107.0,105.85,105.65,106.04,"1,386.70",95.0,106868143,"11,33,19,46,650.00",235575
2023-03-08,EQ,105.3,106.9,104.0,105.65,106.4,106.5,106.1,"1,386.70",95.0,43939583,"4,66,18,90,631.85",176234
2023-03-09,EQ,107.85,108.95,107.5,106.5,108.2,108.2,108.41,"1,386.70",95.0,51967449,"5,63,39,85,537.85",199963
2023-03-10,EQ,107.0,108.35,106.6,108.2,108.15,108.1,107.74,"1,386.70",95.0,47699832,"5,13,89,44,228.45",154176
2023-03-13,EQ,108.25,109.0,106.35,108.1,107.15,106.8,107.66,"1,386.70",95.0,34552596,"3,72,00,63,116.85",143686
2023-03-14,EQ,107.0,108.55,106.2,106.8,106.55,106.4,107.38,"1,386.70",95.0,48584984,"5,21,71,99,866.90",166949
2023-03-15,EQ,107.5,109.15,107.4,106.4,108.7,108.65,108.53,"1,386.70",95.0,38930902,"4,22,53,15,557.85",150243
2023-03-16,EQ,107.25,107.25,103.7,108.65,105.3,105.05,104.83,"1,386.70",95.0,81088340,"8,50,01,65,789.10",276188
2023-03-17,EQ,106.45,107.35,105.0,105.05,107.15,107.0,106.25,"1,386.70",95.0,48962238,"5,20,24,72,538.40",165069
2023-03-20,EQ,106.1,106.45,103.85,107.0,104.5,104.5,104.71,"1,386.70",95.0,41569640,"4,35,26,03,949.85",182679
2023-03-21,EQ,105.1,105.4,104.3,104.5,104.8,104.75,104.71,"1,386.70",95.0,26434897,"2,76,80,91,153.40",142994
2023-03-22,EQ,104.75,105.95,104.4,104.75,104.95,104.8,105.21,"1,386.70",95.0,25891259,"2,72,40,80,059.55",105023
2023-03-23,EQ,104.4,105.5,104.35,104.8,105.0,104.9,105.06,"1,386.70",95.0,20913844,"2,19,71,43,347.90",114789
2023-03-24,EQ,105.0,105.05,101.55,104.9,102.05,102.1,103.1,"1,386.70",95.0,39014278,"4,02,23,77,160.10",241782
2023-03-27,EQ,102.55,103.4,102.1,102.1,102.3,102.3,102.63,"1,386.70",95.0,24753289,"2,54,05,28,569.55",149006
2023-03-28,EQ,102.85,103.1,102.35,102.3,102.6,102.5,102.66,"1,386.70",95.0,18703734,"1,92,02,12,067.45",119164
2023-03-29,EQ,102.5,104.5,101.65,102.5,103.8,103.6,102.55,"1,386.70",95.0,37221124,"3,81,70,72,842.05",150605
2023-03-31,EQ,105.0,105.5,104.1,103.6,104.5,104.5,104.9,"1,386.70",95.0,34579415,"3,62,73,14,028.05",143838
2023-04-03,EQ,105.1,105.25,103.8,104.5,104.15,104.1,104.3,"1,386.70",95.0,21840428,"2,27,80,58,629.40",111674
2023-04-05,EQ,104.1,105.0,103.2,104.1,104.8,104.85,104.27,"1,386.70",95.0,25194802,"2,62,70,43,258.30",126999
2023-04-06,EQ,104.85,105.1,104.2,104.85,104.5,104.35,104.58,"1,386.70",95.0,21053782,"2,20,18,00,059.70",95727
2023-04-10,EQ,104.5,105.75,104.5,104.35,105.1,104.95,105.07,"1,384.00",95.0,19992257,"2,10,06,42,987.95",99915
2023-04-11,EQ,105.55,107.85,105.1,104.95,107.6,107.55,106.2,"1,384.00",95.0,49304956,"5,23,61,10,495.10",130047
2023-04-12,EQ,108.2,108.4,106.95,107.55,107.7,107.6,107.81,"1,384.00",95.0,27349538,"2,94,85,17,983.10",128731
2023-04-13,EQ,107.5,108.15,105.9,107.6,107.6,107.5,106.9,"1,384.00",95.0,34880922,"3,72,88,37,192.45",123611
2023-04-17,EQ,107.6,108.3,106.75,107.5,107.2,107.15,107.25,"1,366.65",95.0,24642162,"2,64,28,35,449.50",124418
2023-04-18,EQ,107.2,107.9,106.85,107.15,107.55,107.6,107.33,"1,366.65",95.0,25476339,"2,73,44,57,761.10",81880
2023-04-19,EQ,107.85,110.4,107.75,107.6,108.1,108.1,109.04,"1,366.65",95.0,62100775,"6,77,17,63,621.70",184789
2023-04-20,EQ,108.2,108.7,107.4,108.1,108.1,108.0,108.02,"1,366.65",95.0,18337948,"1,98,08,44,661.65",99645
2023-04-21,EQ,108.0,108.1,105.35,108.0,106.1,106.15,106.06,"1,366.65",95.0,37638506,"3,99,18,43,098.75",155242
2023-04-24,EQ,106.4,106.7,105.35,106.15,106.7,106.5,106.21,"1,330.00",95.0,23475012,"2,49,33,11,630.90",104865
2023-04-25,EQ,106.7,107.6,106.25,106.5,106.95,107.05,107.17,"1,330.00",95.0,23333425,"2,50,05,46,363.50",117726
2023-04-26,EQ,106.5,107.05,105.85,107.05,106.9,106.85,106.61,"1,330.00",95.0,23590297,"2,51,48,95,123.15",102154
2023-04-27,EQ,106.3,107.85,106.3,106.85,107.65,107.65,107.29,"1,330.00",95.0,22364308,"2,39,93,60,923.30",101664
2023-04-28,EQ,107.8,108.5,107.3,107.65,108.0,107.95,107.8,"1,330.00",95.0,30072920,"3,24,18,48,071.05",121074
2023-05-02,EQ,108.0,110.85,108.0,107.95,110.4,110.3,109.88,"1,330.00",95.0,52822162,"5,80,39,26,375.60",177776
2023-05-03,EQ,109.8,111.0,108.75,110.3,109.75,109.7,109.71,"1,330.00",95.0,51272624,"5,62,50,37,044.30",164302
2023-05-04,EQ,110.0,111.9,109.5,109.7,110.9,111.05,111.1,"1,330.00",95.0,38636907,"4,29,23,97,887.10",141966
2023-05-05,EQ,110.85,110.85,108.4,111.05,108.7,108.65,109.25,"1,330.00",95.0,32958346,"3,60,06,77,932.40",132104
2023-05-08,EQ,109.25,109.85,108.25,108.65,109.75,109.55,109.36,"1,274.20",95.0,23130472,"2,52,94,84,680.95",100999
2023-05-09,EQ,109.6,111.2,109.15,109.55,109.65,109.55,110.22,"1,274.20",95.0,27999202,"3,08,59,64,389.15",124913
2023-05-10,EQ,109.6,110.0,108.6,109.55,109.35,109.25,109.03,"1,274.20",95.0,19213215,"2,09,49,12,629.60",102095
2023-05-11,EQ,109.2,109.5,108.25,109.25,108.65,108.55,108.8,"1,274.20",95.0,19817637,"2,15,61,37,340.30",108331
2023-05-12,EQ,108.35,108.4,106.55,108.55,106.85,106.75,107.06,"1,274.20",95.0,36794838,"3,93,91,90,769.55",152385
2023-05-15,EQ,107.05,108.2,105.65,106.75,107.65,107.7,107.17,"1,209.00",95.0,22148028,"2,37,35,07,495.90",124207
2023-05-16,EQ,108.2,108.65,107.2,107.7,107.55,107.4,107.62,"1,209.00",95.0,18587658,"2,00,03,32,266.55",95237
2023-05-17,EQ,107.4,107.5,105.55,107.4,106.05,106.0,106.26,"1,209.00",95.0,28895465,"3,07,04,86,552.55",158469
2023-05-18,EQ,106.5,107.15,105.1,106.0,105.35,105.2,105.92,"1,209.00",95.0,24208481,"2,56,42,75,088.30",153094
2023-05-19,EQ,105.6,105.7,104.05,105.2,104.7,104.65,104.56,"1,209.00",95.0,29848841,"3,12,09,08,345.85",164196
2023-05-22,EQ,105.0,105.25,104.3,104.65,105.1,105.0,104.88,"1,097.00",95.0,21588716,"2,26,43,31,112.70",146640
2023-05-23,EQ,105.1,106.05,105.0,105.0,105.6,105.6,105.58,"1,097.00",95.0,21304034,"2,24,93,49,513.10",120258
2023-05-24,EQ,105.1,105.8,104.9,105.6,105.0,105.2,105.3,"1,097.00",95.0,28454367,"2,99,63,44,304.75",113015
2023-05-25,EQ,105.0,105.2,104.3,105.2,105.0,104.85,104.66,"1,097.00",95.0,25885062,"2,70,90,50,705.20",120182
2023-05-26,EQ,105.0,106.75,104.95,104.85,106.45,106.4,105.85,"1,097.00",95.0,28362042,"3,00,22,17,896.90",106252
2023-05-29,EQ,107.0,108.85,106.3,106.4,108.35,108.45,107.92,"1,092.80",95.0,41062311,"4,43,15,34,295.90",149388
2023-05-30,EQ,108.95,108.95,106.9,108.45,106.95,107.05,107.57,"1,092.80",95.0,33475211,"3,60,09,17,274.85",134867
2023-05-31,EQ,106.4,106.95,105.6,107.05,105.85,105.8,106.14,"1,092.80",95.0,41249944,"4,37,82,51,037.75",131061
2023-06-01,EQ,105.9,106.7,105.8,105.8,106.0,105.95,106.15,"1,092.80",95.0,21211538,"2,25,15,51,758.05",94464
2023-06-02,EQ,106.5,108.3,106.5,105.95,108.05,108.0,107.48,"1,092.80",95.0,46686933,"5,01,77,25,667.70",138198
2023-06-05,EQ,108.65,109.9,107.8,108.0,109.6,109.4,108.83,"1,088.90",95.0,39642539,"4,31,43,34,583.10",143608
2023-06-06,EQ,109.75,109.85,108.3,109.4,109.1,109.0,108.94,"1,088.90",95.0,26751372,"2,91,44,20,221.25",123777
2023-06-07,EQ,109.5,111.75,108.9,109.0,111.5,111.5,110.46,"1,088.90",95.0,45157197,"4,98,78,84,439.90",172381
2023-06-08,EQ,111.5,113.0,110.95,111.5,111.25,111.15,111.81,"1,088.90",95.0,46380294,"5,18,57,82,963.20",163368
2023-06-09,EQ,111.25,111.65,108.65,111.15,109.15,108.9,109.42,"1,088.90",95.0,36392617,"3,98,21,74,835.80",160353
2023-06-12,EQ,109.15,110.6,109.15,108.9,109.55,109.5,109.79,"1,013.70",95.0,23472313,"2,57,70,57,322.15",129504
2023-06-13,EQ,110.0,111.85,109.65,109.5,111.05,111.15,110.85,"1,013.70",95.0,30018212,"3,32,76,32,939.35",129410
2023-06-14,EQ,111.5,114.0,111.4,111.15,113.75,113.8,113.22,"1,013.70",95.0,66696433,"7,55,10,41,425.20",245307
2023-06-15,EQ,113.9,114.2,113.25,113.8,113.65,113.75,113.75,"1,013.70",95.0,39430138,"4,48,52,56,302.80",148524
2023-06-16,EQ,114.4,114.8,113.85,113.75,114.35,114.25,114.24,"1,013.70",95.0,31715807,"3,62,31,57,859.10",119137
2023-06-19,EQ,115.45,115.6,113.05,114.25,114.2,114.1,114.08,976.70,95.0,33502185,"3,82,20,38,084.40",140304
2023-06-20,EQ,114.1,115.25,113.5,114.1,114.5,114.25,114.53,976.70,95.0,30371599,"3,47,84,40,270.40",137218
2023-06-21,EQ,114.9,114.9,112.85,114.25,113.95,113.9,113.68,976.70,95.0,35627983,"4,05,01,86,870.45",141248
2023-06-22,EQ,110.6,112.2,110.55,113.9,111.2,111.1,111.38,976.70,95.0,34769987,"3,87,26,88,551.20",153503
2023-06-23,EQ,110.5,110.75,109.2,111.1,109.35,109.6,109.97,976.70,95.0,22190233,"2,44,02,21,682.95",112770
2023-06-26,EQ,109.6,110.2,108.1,109.6,110.2,109.85,109.1,976.70,95.0,25332751,"2,76,37,34,572.75",129004
2023-06-27,EQ,110.6,111.5,110.15,109.85,110.9,110.75,110.86,976.70,95.0,24129403,"2,67,50,86,307.85",138795
2023-06-28,EQ,111.5,112.05,110.9,110.75,111.65,111.55,111.54,976.70,95.0,23895274,"2,66,53,15,375.20",123251
2023-06-30,EQ,111.6,112.2,110.4,111.55,112.0,112.0,111.64,976.70,95.0,26741918,"2,98,53,82,486.20",129098
2023-07-03,EQ,112.25,114.25,112.05,112.0,113.0,113.1,113.38,976.70,95.0,30979256,"3,51,23,45,035.75",137687
2023-07-04,EQ,113.2,113.4,112.1,113.1,112.35,112.4,112.66,976.70,95.0,25080307,"2,82,54,46,861.10",124580
2023-07-05,EQ,112.55,113.55,112.2,112.4,112.9,112.95,112.97,976.70,95.0,27877180,"3,14,93,05,413.45",119567
2023-07-06,EQ,112.0,112.85,111.5,112.95,112.65,112.65,112.15,976.70,95.0,34320086,"3,84,90,61,350.15",138042
2023-07-07,EQ,112.0,113.3,111.25,112.65,111.6,111.6,112.11,976.70,95.0,30034274,"3,36,71,02,319.95",113689
2023-07-10,EQ,112.25,115.7,111.65,111.6,115.25,115.3,114.48,976.70,95.0,60652690,"6,94,38,15,581.60",219509
2023-07-11,EQ,115.6,116.1,114.8,115.3,115.1,115.15,115.43,976.70,95.0,37999385,"4,38,61,30,159.45",192661
2023-07-12,EQ,115.15,116.05,114.0,115.15,114.75,114.7,114.77,976.70,95.0,32771204,"3,76,10,70,520.60",149737
2023-07-13,EQ,116.0,116.95,114.5,114.7,114.95,114.85,115.73,976.70,95.0,44847814,"5,19,00,13,535.60",161649
2023-07-14,EQ,115.7,117.9,114.8,114.85,117.65,117.15,116.26,976.70,95.0,34521821,"4,01,35,34,242.35",138452
2023-07-17,EQ,117.95,119.35,117.1,117.15,117.8,117.75,118.34,976.70,95.0,49115369,"5,81,23,13,828.95",196197
2023-07-18,EQ,118.0,118.15,116.4,117.75,116.6,116.6,117.09,976.70,95.0,23433431,"2,74,38,57,232.85",124030
2023-07-19,EQ,116.7,117.2,116.1,116.6,116.55,116.7,116.69,976.70,95.0,17222355,"2,00,96,94,774.10",112312
2023-07-20,EQ,116.7,117.25,116.35,116.7,116.9,116.95,116.87,976.70,95.0,22303831,"2,60,67,03,327.15",106969
2023-07-21,EQ,116.6,117.95,115.5,116.95,116.7,116.6,116.65,976.70,95.0,31546136,"3,67,98,25,459.10",126664
2023-07-24,EQ,116.5,116.5,114.35,116.6,115.25,115.5,115.37,976.70,95.0,38113555,"4,39,72,47,627.25",166031
2023-07-25,EQ,115.0,119.9,114.35,115.5,119.1,119.25,118.27,976.70,95.0,88035259,"10,41,21,64,866.45",290928
2023-07-26,EQ,119.8,120.6,118.85,119.25,119.85,119.95,119.81,976.70,95.0,29716336,"3,56,03,54,181.25",166824
2023-07-27,EQ,120.25,121.45,119.15,119.95,120.3,119.8,120.27,976.70,95.0,39664251,"4,77,04,85,839.25",155050
2023-07-28,EQ,120.2,121.1,118.7,119.8,120.5,120.6,119.93,976.70,95.0,33996691,"4,07,73,60,851.60",140641
2023-07-31,EQ,120.6,123.85,120.6,120.6,122.85,123.15,122.85,124.30,95.0,52330311,"6,42,90,27,091.55",223916
2023-08-01,EQ,123.55,124.15,122.55,123.15,123.15,123.2,123.36,124.30,95.0,27863562,"3,43,73,63,292.15",152455
2023-08-02,EQ,122.9,122.9,118.25,123.2,119.2,118.95,119.89,124.30,95.0,54951586,"6,58,78,87,454.35",240403
2023-08-03,EQ,118.7,119.65,117.5,118.95,118.6,118.2,118.24,124.30,95.0,34624188,"4,09,38,84,505.55",196496
2023-08-04,EQ,119.4,119.75,118.0,118.2,119.0,119.0,118.93,124.30,95.0,22303966,"2,65,25,51,989.70",114669
2023-08-07,EQ,119.6,119.6,118.0,119.0,118.6,118.85,118.73,124.30,95.0,20711952,"2,45,90,82,671.95",133643
2023-08-08,EQ,119.0,119.5,117.95,118.85,118.15,118.15,118.51,124.30,95.0,21275054,"2,52,13,77,215.10",122839
2023-08-09,EQ,118.35,120.5,116.9,118.15,120.4,120.2,118.53,124.30,95.0,34154214,"4,04,84,50,641.55",146911
2023-08-10,EQ,120.0,120.65,119.25,120.2,120.0,120.0,119.92,124.30,95.0,24439101,"2,93,06,27,924.30",140513
2023-08-11,EQ,120.3,121.4,119.15,120.0,120.55,120.3,120.43,124.30,95.0,26337436,"3,17,17,61,199.15",144366
2023-08-14,EQ,120.3,120.4,117.35,120.3,117.85,118.15,118.23,124.30,95.0,33095516,"3,91,28,29,472.45",167262
2023-08-16,EQ,117.95,117.95,115.4,118.15,115.9,115.95,116.22,124.30,95.0,31252473,"3,63,20,61,298.05",169033
2023-08-17,EQ,115.9,116.8,114.7,115.95,115.95,116.05,115.78,124.30,95.0,28461865,"3,29,54,20,065.10",171164
2023-08-18,EQ,116.3,116.4,114.75,116.05,116.4,115.8,115.55,124.30,95.0,30381609,"3,51,05,16,688.50",137398
2023-08-21,EQ,116.75,117.1,115.85,115.8,116.8,116.9,116.64,124.30,95.0,22629651,"2,63,96,28,824.70",134669
2023-08-22,EQ,117.15,117.75,116.5,116.9,117.55,117.55,117.21,124.30,95.0,17343131,"2,03,27,61,447.10",111027
2023-08-23,EQ,117.85,119.25,117.65,117.55,118.85,118.95,118.89,124.30,95.0,43744909,"5,20,08,86,017.65",133768
2023-08-24,EQ,119.5,120.1,118.05,118.95,118.3,118.25,118.81,124.30,95.0,27103446,"3,22,00,87,938.55",134041
2023-08-25,EQ,118.0,118.15,116.7,118.25,117.1,116.9,117.39,124.30,95.0,23692527,"2,78,11,76,955.20",107610
2023-08-28,EQ,117.0,118.25,117.0,116.9,117.55,117.6,117.68,124.30,95.0,19218821,"2,26,16,79,617.10",103263
2023-08-29,EQ,118.5,120.15,117.75,117.6,119.8,119.55,119.1,124.30,95.0,36038317,"4,29,23,28,896.10",129481
2023-08-30,EQ,120.5,122.7,120.25,119.55,122.05,122.1,122.02,124.30,95.0,51467177,"6,27,99,89,423.50",265241
2023-08-31,EQ,122.85,123.6,122.15,122.1,123.6,122.9,122.77,124.30,95.0,60626985,"7,44,34,73,788.50",201344
2023-09-01,EQ,123.5,128.7,123.4,122.9,126.8,127.05,127.05,128.70,95.0,76460408,"9,71,40,89,379.55",315467
2023-09-04,EQ,129.2,132.9,128.85,127.05,131.9,131.75,131.69,132.90,95.0,68525900,"9,02,42,25,220.75",342443
2023-09-05,EQ,131.75,132.45,128.85,131.75,131.75,131.7,130.75,132.90,95.0,36466807,"4,76,78,57,575.05",190902
2023-09-06,EQ,132.4,132.4,128.2,131.7,129.45,129.6,129.55,132.90,95.0,36058850,"4,67,14,65,545.35",216595
2023-09-07,EQ,129.5,130.8,128.6,129.6,130.1,130.15,130.0,132.90,95.0,30268235,"3,93,47,81,899.05",153956
2023-09-08,EQ,131.4,131.65,129.2,130.15,129.6,129.5,130.24,132.90,95.0,34313523,"4,46,90,52,986.90",126365
2023-09-11,EQ,129.5,131.85,129.2,129.5,131.1,131.15,130.71,132.90,95.0,33377857,"4,36,28,62,449.95",174961
2023-09-12,EQ,132.8,133.15,128.65,131.15,128.9,129.0,130.05,133.15,95.0,38065283,"4,95,03,14,633.25",212107
2023-09-13,EQ,129.6,130.5,127.7,129.0,129.9,129.55,129.32,133.15,95.0,23371459,"3,02,24,84,084.00",163917
2023-09-14,EQ,131.0,134.2,130.8,129.55,131.95,131.7,132.32,134.20,95.0,58800620,"7,78,03,13,510.10",333183
2023-09-15,EQ,132.6,133.3,129.85,131.7,132.2,131.95,131.48,134.20,95.0,85058495,"11,18,37,54,761.50",189446
2023-09-18,EQ,135.0,135.0,130.05,131.95,130.5,130.45,131.81,135.00,95.0,62420823,"8,22,79,68,331.45",282655
2023-09-20,EQ,130.45,131.8,128.0,130.45,128.5,128.3,129.55,135.00,95.0,43627379,"5,65,19,83,902.35",220289
2023-09-21,EQ,128.3,129.25,127.2,128.3,127.9,127.8,128.19,135.00,95.0,29826091,"3,82,32,96,128.15",189809
2023-09-22,EQ,127.15,128.7,125.5,127.8,127.2,126.75,127.09,135.00,95.0,34059194,"4,32,85,63,173.75",193209
2023-09-25,EQ,127.3,128.3,126.1,126.75,127.25,127.4,127.29,135.00,95.0,23466981,"2,98,70,46,458.00",148843
2023-09-26,EQ,129.0,130.55,128.4,127.4,128.95,128.9,129.5,135.00,95.0,48936598,"6,33,72,43,511.85",235615
2023-09-27,EQ,128.75,128.75,126.7,128.9,128.4,128.15,127.79,135.00,95.0,33277329,"4,25,24,37,333.00",184173
2023-09-28,EQ,128.35,129.3,126.3,128.15,127.25,126.8,127.69,135.00,95.0,29982233,"3,82,82,88,872.45",165709
2023-09-29,EQ,128.2,129.55,127.55,126.8,129.05,128.9,128.73,135.00,95.0,28406435,"3,65,67,17,531.85",156353
2023-10-03,EQ,129.0,129.1,127.25,128.9,128.1,128.0,127.82,135.00,98.0,18613557,"2,37,91,07,875.80",136399
2023-10-04,EQ,127.0,127.1,124.5,128.0,125.35,125.3,125.49,135.00,98.0,33272725,"4,17,52,49,159.90",214486
2023-10-05,EQ,125.9,126.15,124.55,125.3,125.55,125.25,125.31,135.00,98.0,27063441,"3,39,13,65,474.55",165593
2023-10-06,EQ,126.5,127.0,125.1,125.25,125.85,125.9,125.85,135.00,98.0,21928671,"2,75,97,25,379.50",145005
2023-10-09,EQ,124.8,124.9,122.6,125.9,123.35,123.85,123.88,135.00,98.1,21457836,"2,65,82,19,956.95",187353
2023-10-10,EQ,124.7,125.9,123.75,123.85,125.25,125.3,124.78,135.00,98.1,28745957,"3,58,68,19,958.85",171447
2023-10-11,EQ,126.0,126.3,124.7,125.3,124.95,124.95,125.48,135.00,98.1,24455932,"3,06,86,16,682.35",132086
2023-10-12,EQ,125.35,126.9,125.1,124.95,125.8,125.9,126.09,135.00,98.1,19361688,"2,44,13,91,694.90",126504
2023-10-13,EQ,125.0,125.75,124.0,125.9,125.2,125.05,124.93,135.00,98.1,26912800,"3,36,20,90,989.25",160443
2023-10-16,EQ,125.1,127.25,124.95,125.05,127.1,127.0,126.51,135.00,98.1,23868700,"3,01,95,47,026.80",148084
2023-10-17,EQ,127.9,128.55,127.0,127.0,127.75,127.4,127.9,135.00,98.1,24241710,"3,10,05,88,399.80",136830
2023-10-18,EQ,127.85,128.7,126.6,127.4,127.1,127.1,127.42,135.00,98.1,20926079,"2,66,65,01,947.15",141265
2023-10-19,EQ,125.5,126.5,124.35,127.1,125.8,126.0,125.46,135.00,98.1,30941319,"3,88,19,44,628.55",165387
2023-10-20,EQ,125.0,125.75,122.7,126.0,123.1,123.1,124.01,135.00,98.1,30746140,"3,81,27,44,831.35",192203
2023-10-23,EQ,123.35,123.4,119.7,123.1,120.05,120.0,120.97,135.00,98.55,30699479,"3,71,37,36,345.95",198614
2023-10-25,EQ,121.2,122.8,120.75,120.0,121.3,121.35,121.79,135.00,98.55,27346103,"3,33,05,69,435.45",166352
2023-10-26,EQ,120.85,120.9,118.9,121.35,120.05,119.9,119.81,135.00,98.55,36298907,"4,34,89,29,304.25",191297
2023-10-27,EQ,120.5,121.8,119.5,119.9,120.0,119.9,120.34,135.00,98.55,28424007,"3,42,05,65,260.80",144880
2023-10-30,EQ,121.05,121.25,118.95,119.9,119.15,119.15,119.37,135.00,98.55,18753217,"2,23,85,32,926.65",145518
2023-10-31,EQ,120.0,120.15,118.4,119.15,118.9,118.75,119.02,135.00,98.55,22319950,"2,65,64,47,467.15",147250
2023-11-01,EQ,119.0,119.1,116.0,118.75,116.15,116.6,117.78,135.00,98.55,24717941,"2,91,12,36,884.90",162002
2023-11-02,EQ,114.6,118.55,114.6,116.6,118.5,118.1,116.7,135.00,98.55,72538804,"8,46,54,95,277.35",280659
2023-11-03,EQ,118.2,118.6,117.1,118.1,117.4,117.3,117.73,135.00,98.55,31747230,"3,73,75,15,379.95",179215
2023-11-06,EQ,118.5,119.65,117.5,117.3,119.6,119.4,118.62,135.00,101.55,27883152,"3,30,74,44,876.55",150363
2023-11-07,EQ,119.3,120.2,118.4,119.4,119.75,119.65,119.62,135.00,101.55,25818033,"3,08,84,35,269.90",135129
2023-11-08,EQ,119.75,120.5,118.55,119.65,119.05,119.05,119.11,135.00,101.55,22552386,"2,68,61,43,473.10",128934
2023-11-09,EQ,119.2,120.5,118.85,119.05,119.65,119.65,119.7,135.00,101.55,22979112,"2,75,05,17,129.70",132295
2023-11-10,EQ,119.5,120.45,118.8,119.65,120.15,120.05,119.81,135.00,101.55,23584510,"2,82,56,63,511.45",137597
2023-11-12,EQ,121.6,121.6,120.6,120.05,120.85,120.85,120.92,135.00,101.55,3984034,"48,17,33,972.85",69992
2023-11-13,EQ,120.85,121.25,119.9,120.85,120.8,121.0,120.74,135.00,101.55,17951775,"2,16,74,12,969.40",128808
2023-11-15,EQ,121.7,124.4,121.5,121.0,124.1,124.05,123.38,135.00,101.55,38344393,"4,73,09,75,784.75",183566
2023-11-16,EQ,124.0,125.25,123.0,124.05,124.4,124.7,124.48,135.00,101.55,30836413,"3,83,85,18,574.75",165433
2023-11-17,EQ,124.7,125.75,124.3,124.7,125.0,125.2,125.16,135.00,101.55,23319439,"2,91,85,81,820.75",130629
2023-11-20,EQ,125.05,125.65,124.05,125.2,124.25,124.35,124.89,135.00,101.55,18780290,"2,34,54,28,249.95",144456
2023-11-21,EQ,125.05,126.4,124.95,124.35,126.2,126.25,125.95,135.00,101.55,29643312,"3,73,35,34,250.25",152063
2023-11-22,EQ,126.4,126.9,125.5,126.25,126.3,126.1,126.11,135.00,101.55,19588063,"2,47,03,14,487.15",112127
2023-11-23,EQ,126.35,127.4,125.9,126.1,126.75,126.7,126.78,135.00,101.55,30736851,"3,89,67,87,469.35",152378
2023-11-24,EQ,126.7,127.0,125.55,126.7,126.05,125.95,126.15,135.00,101.55,14719450,"1,85,67,93,943.75",104736
2023-11-28,EQ,127.0,127.0,126.0,125.95,126.95,126.85,126.49,135.00,101.55,18377843,"2,32,45,66,454.85",137072
2023-11-29,EQ,127.15,128.15,126.7,126.85,127.8,127.75,127.6,135.00,101.55,23092165,"2,94,64,45,299.55",137907
2023-11-30,EQ,127.8,128.85,126.5,127.75,127.9,127.9,127.97,135.00,101.55,40165104,"5,13,99,85,066.50",173510
2023-12-01,EQ,128.9,130.3,128.05,127.9,130.0,130.0,129.41,135.00,101.55,31192397,"4,03,64,76,816.00",172753
2023-12-04,EQ,132.2,132.35,130.4,130.0,131.0,131.0,131.07,135.00,101.55,41230928,"5,40,40,51,813.10",213569
2023-12-05,EQ,131.0,132.45,130.0,131.0,131.7,131.6,131.38,135.00,101.55,35192149,"4,62,33,85,317.75",191777
2023-12-06,EQ,132.5,133.4,130.8,131.6,132.0,131.85,132.0,135.00,101.55,40753593,"5,37,95,58,472.95",183004
2023-12-07,EQ,131.7,132.2,129.8,131.85,130.05,130.0,130.51,135.00,101.55,34686333,"4,52,70,01,638.35",176826
2023-12-08,EQ,130.15,131.4,127.95,130.0,129.2,129.2,129.66,135.00,101.55,34393711,"4,45,93,53,470.85",164457
2023-12-11,EQ,129.85,130.5,128.75,129.2,130.25,130.05,129.82,135.00,101.55,24038059,"3,12,05,31,964.30",144371
2023-12-12,EQ,130.05,132.15,129.7,130.05,130.35,130.1,130.87,135.00,101.55,30696410,"4,01,71,98,896.85",155668
2023-12-13,EQ,130.55,131.5,129.15,130.1,131.35,131.4,130.59,135.00,101.55,22767972,"2,97,31,83,996.20",146208
2023-12-14,EQ,132.3,133.25,131.5,131.4,132.0,132.0,132.33,135.00,101.55,43372143,"5,73,93,57,415.20",185803
2023-12-15,EQ,133.4,136.75,133.0,132.0,136.55,136.45,135.24,136.75,101.55,77377446,"10,46,44,13,045.45",292704
2023-12-18,EQ,136.85,137.6,135.1,136.45,136.55,136.6,136.73,137.60,101.55,38461877,"5,25,88,16,795.55",259565
2023-12-19,EQ,136.65,137.6,134.8,136.6,135.5,135.4,135.81,137.60,101.55,27726431,"3,76,54,16,442.20",167461
2023-12-20,EQ,135.9,136.15,128.75,135.4,128.85,129.75,132.87,137.60,101.55,39495961,"5,24,77,06,866.60",201438
2023-12-21,EQ,128.7,131.45,127.85,129.75,131.4,131.0,130.01,137.60,101.55,34914399,"4,53,92,19,050.25",198021
2023-12-22,EQ,132.4,134.75,131.75,131.0,133.45,133.55,133.44,137.60,101.55,37357334,"4,98,48,74,945.75",213314
2023-12-26,EQ,134.7,136.1,134.45,133.55,135.4,135.2,135.43,137.60,101.55,25936447,"3,51,24,75,189.45",182329
2023-12-27,EQ,135.85,138.9,135.5,135.2,137.0,137.2,137.4,138.90,101.55,48101400,"6,60,92,21,199.10",240022
2023-12-28,EQ,138.15,138.75,136.85,137.2,138.25,138.15,137.88,138.90,101.55,34661176,"4,77,91,01,020.60",215436
2023-12-29,EQ,138.6,141.25,137.15,138.15,139.3,139.6,139.52,141.25,101.55,49202910,"6,86,49,63,120.60",234503
2024-01-01,EQ,140.0,140.95,139.05,139.6,139.7,139.85,140.16,141.25,101.55,21186105,"2,96,94,70,656.95",187550
2025-01-01,EQ,138.1,138.45,136.58,138.05,136.87,136.74,137.06,184.6,128.2,18169498,"2,49,02,38,878.67",167193
2025-01-02,EQ,137.0,138.45,136.4,136.74,138.0,138.18,137.44,184.6,128.2,23388424,"3,21,44,29,963.27",212832
2025-01-03,EQ,138.18,139.73,137.84,138.18,138.33,138.36,138.69,184.6,128.2,23351832,"3,23,86,24,775.28",174962
2025-01-06,EQ,138.36,138.39,131.35,138.36,132.0,132.18,133.44,184.6,128.2,44620509,"5,95,40,73,554.56",389702
2025-01-07,EQ,132.78,133.88,132.01,132.18,133.18,133.38,133.05,184.6,128.2,24239451,"3,22,49,73,077.16",193472
2025-01-08,EQ,133.93,134.24,131.77,133.38,132.55,132.64,132.65,184.6,128.2,31570331,"4,18,76,51,105.64",262476
2025-01-09,EQ,132.0,132.4,129.7,132.64,130.12,129.93,130.53,184.6,128.2,31903107,"4,16,42,81,728.67",252233
2025-01-10,EQ,129.93,130.39,126.7,129.93,127.78,127.43,128.02,184.6,126.7,34855510,"4,46,23,16,144.21",261109
2025-01-13,EQ,126.0,126.5,122.62,127.43,122.8,122.93,124.43,184.6,122.62,38968332,"4,84,87,85,035.50",330215
2025-01-14,EQ,122.94,127.64,122.94,122.93,127.22,126.93,126.13,184.6,122.62,36877365,"4,65,14,65,899.79",253782
2025-01-15,EQ,128.0,128.31,125.78,126.93,126.6,126.53,127.0,184.6,122.62,18773125,"2,38,41,73,457.53",196481
2025-01-16,EQ,128.0,128.47,126.56,126.53,127.7,127.81,127.54,184.6,122.62,22164393,"2,82,68,49,469.18",176428
2025-01-17,EQ,127.9,131.16,127.64,127.81,130.15,130.28,129.6,184.6,122.62,27421959,"3,55,37,81,052.65",208791
2025-01-20,EQ,130.99,132.1,128.91,130.28,131.47,131.66,130.59,184.6,122.62,20571916,"2,68,64,64,953.32",173350
2025-01-21,EQ,132.06,132.4,129.25,131.66,129.78,129.7,130.69,184.6,122.62,32238213,"4,21,33,67,366.39",216078
2025-01-22,EQ,130.25,130.35,127.12,129.7,128.85,128.92,128.45,184.6,122.62,27505569,"3,53,30,07,239.30",196312
2025-01-23,EQ,127.85,130.75,127.7,128.92,130.65,130.37,130.01,184.6,122.62,20722538,"2,69,40,72,514.27",149396
2025-01-24,EQ,130.5,133.2,129.31,130.37,130.5,129.74,131.01,184.6,122.62,37092106,"4,85,96,03,275.51",232578
2025-01-27,EQ,129.02,129.45,125.74,129.74,126.55,126.37,127.93,184.6,122.62,24650571,"3,15,36,38,220.92",192562
2025-01-28,EQ,126.37,130.49,124.74,126.37,128.95,128.62,128.42,184.6,122.62,40373804,"5,18,48,26,348.23",280931
2025-01-29,EQ,129.0,131.34,128.55,128.62,131.0,130.8,130.49,184.6,122.62,16674706,"2,17,58,73,479.85",151765
2025-01-30,EQ,130.8,132.15,130.1,130.8,131.8,131.12,131.3,184.6,122.62,25256096,"3,31,60,53,251.18",152907
2025-01-31,EQ,131.12,135.0,129.93,131.12,134.9,134.62,133.62,184.6,122.62,26689228,"3,56,63,38,275.87",170870
2025-02-01,EQ,135.0,135.5,130.25,134.62,133.0,132.97,133.26,184.6,122.62,21173846,"2,82,17,02,724.62",122582
2025-02-03,EQ,131.29,132.51,127.81,132.97,131.52,131.82,130.02,184.6,122.62,27765357,"3,61,01,21,727.84",217595
2025-02-04,EQ,132.8,134.34,131.87,131.82,133.1,133.42,133.08,184.6,122.62,25032519,"3,33,13,80,045.26",173008
2025-02-05,EQ,133.15,135.39,133.08,133.42,134.34,134.4,134.61,184.6,122.62,16958362,"2,28,28,13,794.56",150442
2025-02-06,EQ,134.5,134.87,132.02,134.4,132.65,132.54,132.72,184.6,122.62,22408168,"2,97,39,56,819.77",152707
2025-02-07,EQ,133.3,138.75,132.56,132.54,138.16,138.31,136.76,184.6,122.62,52950146,"7,24,16,65,875.06",278840
2025-02-10,EQ,138.1,138.1,133.0,138.31,133.91,134.04,134.12,184.6,122.62,26120805,"3,50,33,87,611.66",188430
2025-02-11,EQ,133.0,134.34,129.7,134.04,130.2,130.11,131.71,184.6,122.62,23635428,"3,11,30,46,800.70",189150
2025-02-12,EQ,129.35,133.29,128.31,130.11,132.25,132.28,130.91,184.6,122.62,37927696,"4,96,51,12,642.36",219471
2025-02-13,EQ,132.28,137.69,131.86,132.28,136.41,136.25,136.07,184.6,122.62,52036196,"7,08,07,56,827.59",240088
2025-02-14,EQ,136.25,139.25,133.33,136.25,134.02,134.47,135.51,184.6,122.62,41469242,"5,61,95,70,218.29",224745
2025-02-17,EQ,132.91,134.8,130.73,134.47,134.31,134.29,133.28,184.6,122.62,21189637,"2,82,41,89,592.79",194558
2025-02-18,EQ,134.29,134.9,131.75,134.29,134.16,134.54,133.31,184.6,122.62,23957576,"3,19,37,39,383.77",144444
2025-02-19,EQ,134.5,136.88,133.03,134.54,135.8,135.76,135.87,184.6,122.62,18447487,"2,50,63,99,510.52",142282
2025-02-20,EQ,135.27,138.36,135.0,135.76,138.0,138.04,137.22,184.6,122.62,24139808,"3,31,25,52,015.27",175522
2025-02-21,EQ,137.91,141.6,137.15,138.04,140.6,140.76,140.19,184.6,122.62,41987785,"5,88,62,50,057.98",258806
2025-02-24,EQ,138.81,140.66,136.66,140.76,137.39,137.65,138.86,184.6,122.62,25193205,"3,49,82,35,797.80",194696
2025-02-25,EQ,138.49,139.35,136.7,137.65,137.0,137.07,137.56,184.6,122.62,23575603,"3,24,30,71,564.86",202741
2025-02-27,EQ,137.21,138.99,135.88,137.07,138.8,138.69,137.24,184.6,122.62,30747044,"4,21,96,34,170.42",177643
2025-02-28,EQ,137.8,137.8,134.06,138.69,137.16,137.2,136.23,184.6,122.62,45540594,"6,20,39,16,419.27",270079
2025-03-03,EQ,137.0,139.05,134.31,137.2,138.32,138.57,137.02,184.6,122.62,31154401,"4,26,88,41,100.55",228959
2025-03-04,EQ,136.15,140.94,135.81,138.57,139.29,139.34,139.13,184.6,122.62,28634645,"3,98,38,76,585.13",173877
2025-03-05,EQ,139.0,146.49,139.0,139.34,145.68,146.1,144.05,184.6,122.62,62109377,"8,94,68,72,004.34",384142
2025-03-06,EQ,146.79,152.2,146.2,146.1,149.74,150.44,149.77,184.6,122.62,79121467,"11,84,98,00,824.69",348979
2025-03-07,EQ,149.74,152.45,149.27,150.44,151.5,151.56,151.57,184.6,122.62,81821791,"12,40,15,72,015.30",298325
2025-03-10,EQ,151.56,154.24,150.41,151.56,150.65,151.05,152.25,184.6,122.62,54450331,"8,29,02,75,937.58",272383
2025-03-11,EQ,148.1,151.7,148.0,151.05,150.83,150.75,150.56,184.6,122.62,35916900,"5,40,77,20,556.67",182888
2025-03-12,EQ,151.0,152.28,147.7,150.75,150.28,150.3,149.75,184.6,122.62,26377549,"3,95,00,05,335.92",152112
2025-03-13,EQ,152.0,153.56,150.02,150.3,150.7,150.88,151.47,184.6,122.62,48286431,"7,31,40,85,180.50",206875
2025-03-17,EQ,151.99,152.64,150.9,150.88,152.01,151.81,151.74,184.6,122.62,35879781,"5,44,44,35,545.07",191938
2025-03-18,EQ,153.0,154.83,152.22,151.81,154.6,154.66,153.68,184.6,122.62,38125586,"5,85,91,64,416.95",277281
2025-03-19,EQ,156.8,159.2,156.5,154.66,158.54,158.6,158.11,184.6,122.62,66161413,"10,46,08,45,185.47",362436
2025-03-20,EQ,160.0,160.1,156.65,158.6,159.03,159.04,158.64,184.6,122.62,39889517,"6,32,80,46,698.67",193466
2025-03-21,EQ,159.03,159.75,156.82,159.04,157.08,157.28,157.96,184.6,122.62,49184821,"7,76,92,39,117.59",154615
2025-03-24,EQ,158.0,159.0,157.11,157.28,158.29,158.42,158.42,184.6,122.62,30905773,"4,89,59,84,860.52",154989
2025-03-25,EQ,159.0,159.0,156.05,158.42,156.27,156.73,157.22,184.6,122.62,28467187,"4,47,57,45,077.22",182282
2025-03-26,EQ,156.2,157.54,155.01,156.73,155.07,155.81,156.44,184.6,122.62,23182869,"3,62,67,32,598.78",142138
2025-03-27,EQ,154.8,156.1,154.2,155.81,155.36,155.42,155.47,184.6,122.62,25909068,"4,02,80,14,189.92",136794
2025-03-28,EQ,155.38,156.91,153.37,155.42,153.98,154.24,154.5,184.6,122.62,24589315,"3,79,89,35,508.26",105656
2025-04-01,EQ,152.07,155.34,152.07,154.24,153.25,153.12,153.41,184.6,122.62,29142122,"4,47,07,69,084.97",151632
2025-04-02,EQ,154.0,156.25,152.27,153.12,154.84,154.69,154.35,184.6,122.62,24977582,"3,85,52,06,531.03",122844
2025-04-03,EQ,153.0,155.97,152.6,154.69,153.85,153.62,154.44,184.6,122.62,15117526,"2,33,47,71,453.89",110552
2025-04-04,EQ,152.62,152.99,140.0,153.62,140.67,140.39,143.35,184.6,122.62,80846143,"11,58,95,98,417.40",439854
2025-04-07,EQ,128.0,130.35,125.33,140.39,130.2,129.48,127.62,184.6,122.62,121806340,"15,54,44,31,644.89",607208
2025-04-08,EQ,134.89,136.2,128.02,129.48,130.05,130.28,131.06,184.6,122.62,68999181,"9,04,32,62,229.44",360513
2025-04-09,EQ,130.0,130.0,125.3,130.28,127.35,127.18,127.06,184.6,122.62,73399980,"9,32,62,18,503.85",426871
2025-04-11,EQ,134.67,134.7,130.49,127.18,133.47,133.42,133.0,184.6,122.62,73706472,"9,80,30,73,537.58",349444
2025-04-15,EQ,135.6,137.0,134.84,133.42,136.7,136.41,135.97,184.6,122.62,38967608,"5,29,84,86,163.86",236436
2025-04-16,EQ,136.41,137.6,134.62,136.41,137.1,136.97,135.86,184.6,122.62,42684087,"5,79,91,67,230.47",196883
2025-04-17,EQ,134.4,137.96,133.7,136.97,137.24,137.14,135.99,184.6,122.62,62282856,"8,47,01,43,514.15",362747
2025-04-21,EQ,137.65,140.3,137.05,137.14,139.5,139.18,139.08,184.6,122.62,26503486,"3,68,62,12,972.38",207964
2025-04-22,EQ,142.0,142.84,137.7,139.18,137.97,138.16,139.74,184.6,122.62,58429662,"8,16,51,64,937.32",230625
2025-04-23,EQ,139.39,141.5,137.32,138.16,140.7,141.16,139.59,184.6,122.62,37851304,"5,28,34,98,279.14",200342
2025-04-24,EQ,140.7,141.88,140.28,141.16,141.44,141.52,141.36,184.6,122.62,23061444,"3,26,00,00,657.11",126453
2025-04-25,EQ,142.0,143.45,138.02,141.52,138.54,138.85,139.96,184.6,122.62,37764696,"5,28,56,18,336.86",198899
2025-04-28,EQ,138.54,142.6,138.38,138.85,141.99,142.07,141.25,184.6,122.62,26971589,"3,80,96,14,109.69",160043
2025-04-29,EQ,142.07,143.3,140.92,142.07,141.56,141.5,141.93,184.6,122.62,25758449,"3,65,59,94,014.18",162820
2025-04-30,EQ,141.45,141.56,138.0,141.5,139.56,140.08,140.63,184.6,122.62,29205042,"4,10,72,41,617.98",149767
2025-05-02,EQ,140.0,143.1,139.45,140.08,141.01,141.18,141.52,184.6,122.62,34852288,"4,93,23,73,274.49",213141
2025-05-05,EQ,141.57,142.7,141.2,141.18,142.1,142.08,142.08,184.6,122.62,17213477,"2,44,56,79,467.61",110720
2025-05-06,EQ,142.08,145.4,141.54,142.08,144.03,144.44,143.99,184.6,122.62,42658262,"6,14,23,62,668.10",230798
2025-05-07,EQ,142.2,146.95,142.2,144.44,145.7,146.0,145.11,184.6,122.62,34674594,"5,03,17,39,767.38",192575
2025-05-08,EQ,146.0,146.66,142.85,146.0,143.28,143.67,144.24,184.6,122.62,29687927,"4,28,22,62,715.18",154433
2025-05-09,EQ,140.99,143.27,140.51,143.67,142.8,142.78,142.22,184.6,122.62,21875453,"3,11,10,85,069.45",145961
2025-05-12,EQ,145.61,151.95,144.5,142.78,150.95,151.63,149.79,184.6,122.62,47087413,"7,05,33,42,672.26",233295
2025-05-13,EQ,152.0,152.99,149.01,151.63,149.6,149.43,150.33,184.6,122.62,54389876,"8,17,64,31,830.42",266505
2025-05-14,EQ,151.0,157.15,151.0,149.43,155.3,155.31,155.49,184.6,122.62,60002060,"9,33,00,07,517.78",290806
2025-05-15,EQ,155.5,157.84,154.3,155.31,157.19,157.35,156.79,184.6,122.62,57066105,"8,94,72,11,738.95",273956
2025-05-16,EQ,157.35,158.15,157.0,157.35,157.4,157.55,157.53,184.6,122.62,22884754,"3,60,49,83,002.25",162033
2025-05-19,EQ,158.0,158.14,156.13,157.55,157.25,157.57,157.15,184.6,122.62,21839582,"3,43,21,07,324.54",138964
2025-05-20,EQ,158.35,162.1,158.0,157.57,159.59,158.69,159.87,184.6,122.62,58061639,"9,28,25,78,000.22",271597
2025-05-21,EQ,159.45,161.85,158.53,158.69,161.75,161.64,160.74,184.6,122.62,36044599,"5,79,36,34,967.30",221401
2025-05-22,EQ,160.98,163.6,160.36,161.64,161.5,161.29,162.03,184.6,122.62,60715453,"9,83,76,42,663.43",262828
2025-05-23,EQ,161.6,163.53,161.5,161.29,163.1,162.97,162.62,184.6,122.62,29483665,"4,79,46,11,681.16",183753
2025-05-26,EQ,163.1,165.55,162.05,162.97,162.37,162.51,163.34,184.6,122.62,25581584,"4,17,85,34,087.15",164313
2025-05-27,EQ,162.51,163.9,160.62,162.51,161.76,161.66,162.06,184.6,122.62,23296776,"3,77,55,35,758.64",177933
2025-05-28,EQ,162.4,162.69,160.65,161.66,161.06,161.24,161.3,184.6,122.62,13044476,"2,10,40,98,511.17",91891
2025-05-29,EQ,162.19,163.95,161.5,161.24,163.15,163.12,162.87,184.6,122.62,26455081,"4,30,87,11,010.73",192455
2025-05-30,EQ,163.11,163.89,160.51,163.12,161.0,161.02,161.3,184.6,122.62,32739340,"5,28,07,69,846.88",151091
2025-06-02,EQ,159.0,160.12,157.3,161.02,159.12,159.04,158.87,184.6,122.62,31365564,"4,98,30,82,554.34",169213
2025-06-03,EQ,159.04,160.65,157.17,159.04,157.39,157.35,158.36,184.6,122.62,28398746,"4,49,71,79,711.39",156056
2025-06-04,EQ,157.5,158.98,156.81,157.35,158.4,158.18,158.01,184.6,122.62,16660138,"2,63,25,49,264.24",129263
2025-06-05,EQ,158.86,159.09,157.05,158.18,158.05,157.97,157.93,184.6,122.62,23708504,"3,74,43,25,538.10",122241
2025-06-06,EQ,155.7,157.88,154.25,157.97,157.55,157.49,156.38,184.6,122.62,25804151,"4,03,52,14,926.14",133400
2025-06-09,EQ,157.69,158.2,156.82,157.49,157.3,157.32,157.52,184.6,122.62,15315437,"2,41,24,61,355.70",127577
2025-06-10,EQ,158.0,159.3,155.5,157.32,155.65,155.68,156.87,184.6,122.62,22764080,"3,57,09,61,629.98",132605
2025-06-11,EQ,156.45,157.53,155.31,155.68,156.09,156.41,156.54,184.6,122.62,17605668,"2,75,59,81,215.78",107872
2025-06-12,EQ,156.0,156.26,151.85,156.41,152.6,152.89,153.46,184.6,122.62,27846151,"4,27,33,15,865.00",165106
2025-06-13,EQ,149.8,152.5,149.8,152.89,152.34,152.13,151.71,184.6,122.62,24277592,"3,68,32,71,732.64",131667
2025-06-16,EQ,152.01,154.5,150.84,152.13,154.1,154.17,153.22,184.6,122.62,16188193,"2,48,03,18,213.73",119308
2025-06-17,EQ,153.81,154.89,152.35,154.17,152.58,152.6,153.42,184.6,122.62,16740382,"2,56,82,77,833.38",112427
2025-06-18,EQ,152.2,153.2,150.8,152.6,152.0,152.11,151.99,184.6,122.62,14860746,"2,25,87,49,524.45",91669
2025-06-19,EQ,152.0,152.45,150.5,152.11,150.51,151.0,151.16,184.6,122.62,20145922,"3,04,53,43,206.89",162901
2025-06-20,EQ,150.75,153.17,150.63,151.0,151.7,151.97,152.01,184.6,122.62,29944714,"4,55,19,25,313.29",118765
2025-06-23,EQ,150.5,153.3,150.48,151.97,152.35,152.43,151.85,179.0,122.62,17096676,"2,59,61,69,014.17",107530
2025-06-24,EQ,153.8,156.97,153.64,152.43,155.03,154.79,155.29,179.0,122.62,25403324,"3,94,49,49,688.49",168818
2025-06-25,EQ,155.9,156.9,155.51,154.79,156.33,156.39,156.25,179.0,122.62,18240433,"2,84,99,80,442.59",115858
2025-06-26,EQ,156.87,161.1,156.45,156.39,160.4,160.54,158.9,179.0,122.62,40650557,"6,45,91,90,605.70",200746
2025-06-27,EQ,161.0,163.3,160.7,160.54,161.29,161.45,162.18,179.0,122.62,31989509,"5,18,80,45,925.09",179054
2025-06-30,EQ,160.99,162.2,159.5,161.45,159.8,159.76,160.62,178.19,122.62,15842285,"2,54,45,27,360.88",143198
2025-07-01,EQ,160.01,160.44,157.73,159.76,159.8,160.06,159.3,178.19,122.62,17823415,"2,83,91,98,867.00",138779
2025-07-02,EQ,160.06,166.15,159.83,160.06,165.95,165.88,164.17,178.19,122.62,63315210,"10,39,45,30,770.33",258609
2025-07-03,EQ,166.0,168.78,165.21,165.88,165.55,165.91,166.97,178.19,122.62,60571824,"10,11,36,75,423.24",247576
2025-07-04,EQ,165.91,166.49,162.0,165.91,163.1,163.01,163.37,178.19,122.62,22938753,"3,74,75,36,836.05",167118
2025-07-07,EQ,163.0,163.35,160.05,163.01,162.52,162.4,162.47,175.47,122.62,17469909,"2,83,82,87,843.46",123250
2025-07-08,EQ,162.45,162.9,161.6,162.4,161.9,161.97,162.03,175.47,122.62,11398248,"1,84,68,07,797.96",81709
2025-07-09,EQ,161.95,161.95,157.51,161.97,159.2,159.0,159.15,175.47,122.62,29839077,"4,74,90,12,087.28",216941
2025-07-10,EQ,160.0,161.55,159.28,159.0,160.63,160.66,160.44,175.47,122.62,17566887,"2,81,84,00,050.43",134347
2025-07-11,EQ,160.64,161.62,159.32,160.66,159.99,159.84,160.12,175.47,122.62,20689511,"3,31,27,58,884.80",146555
2025-07-14,EQ,159.84,161.12,159.3,159.84,160.25,160.44,160.23,170.18,122.62,15152964,"2,42,79,12,916.42",146442
2025-07-15,EQ,160.26,160.85,157.95,160.44,159.3,159.0,159.12,170.18,122.62,17993051,"2,86,29,95,009.50",110529
2025-07-16,EQ,159.0,159.27,157.0,159.0,157.3,157.33,157.49,170.18,122.62,14591157,"2,29,79,16,076.70",126421
2025-07-17,EQ,157.5,160.7,157.12,157.33,159.97,159.9,159.06,170.18,122.62,21733241,"3,45,68,71,121.62",138067
2025-07-18,EQ,160.1,162.75,160.1,159.9,162.5,162.37,161.77,170.18,122.62,30728478,"4,97,08,71,355.15",173316
2025-07-21,EQ,162.5,165.6,162.49,162.37,163.18,163.02,163.66,170.18,122.62,29812899,"4,87,91,17,483.09",174007
2025-07-22,EQ,163.3,164.41,162.73,163.02,162.97,163.04,163.59,170.18,122.62,13615524,"2,22,72,99,724.19",135609
2025-07-23,EQ,163.25,164.14,161.88,163.04,162.51,162.77,163.02,170.18,122.62,14287149,"2,32,90,66,721.33",122780
2025-07-24,EQ,163.0,164.75,162.81,162.77,163.6,163.48,163.7,170.18,122.62,14377270,"2,35,34,90,655.47",117000
2025-07-25,EQ,163.5,163.59,161.05,163.48,161.51,161.43,161.79,170.18,122.62,12443495,"2,01,31,77,001.53",140857
2025-07-28,EQ,161.23,162.29,159.09,161.43,159.34,159.68,160.51,170.18,122.62,19296285,"3,09,72,28,521.77",220177
2025-07-29,EQ,158.2,162.45,158.2,159.68,162.22,161.69,160.78,170.18,122.62,15262937,"2,45,39,35,250.07",95240
2025-07-30,EQ,161.69,162.79,161.05,161.69,161.3,161.36,161.74,170.18,122.62,16083106,"2,60,12,44,577.73",90693
2025-07-31,EQ,161.0,162.13,156.56,161.36,157.3,157.94,160.15,170.18,122.62,26213891,"4,19,81,75,446.12",155822
2025-08-01,EQ,157.93,157.93,152.51,157.94,153.0,153.01,154.24,170.18,122.62,23927359,"3,69,05,81,798.45",183972
2025-08-04,EQ,153.5,159.92,153.5,153.01,159.25,159.56,158.06,170.18,122.62,30064719,"4,75,19,62,110.35",200990
2025-08-05,EQ,159.56,160.14,158.28,159.56,159.45,159.62,159.39,170.18,122.62,14441034,"2,30,17,32,501.24",165331
2025-08-06,EQ,159.62,159.8,157.8,159.62,158.7,158.66,158.59,170.18,122.62,13438851,"2,13,12,11,060.17",219272
2025-08-07,EQ,157.15,160.0,156.26,158.66,159.83,159.67,157.92,170.18,122.62,23159540,"3,65,74,21,986.21",190119
2025-08-08,EQ,159.5,159.95,157.01,159.67,158.25,157.95,158.22,170.18,122.62,11951173,"1,89,08,59,315.71",104268
2025-08-11,EQ,157.95,160.0,157.15,157.95,158.5,158.52,158.16,170.18,122.62,14325736,"2,26,57,29,580.40",116920
2025-08-12,EQ,158.52,161.65,158.5,158.52,160.13,160.16,160.62,170.18,122.62,20056598,"3,22,15,39,927.51",133490
2025-08-13,EQ,160.96,162.4,159.9,160.16,160.35,160.18,161.07,170.18,122.62,18079396,"2,91,19,76,062.73",117633
2025-08-14,EQ,160.02,160.6,154.83,160.18,155.68,155.3,156.57,170.18,122.62,47256126,"7,39,89,80,151.67",183512
2025-08-18,EQ,158.0,159.0,156.0,155.3,157.97,157.96,157.44,170.18,122.62,61022494,"9,60,71,64,180.05",141423
2025-08-19,EQ,158.5,159.46,156.76,157.96,159.2,159.23,158.52,170.18,122.62,21224239,"3,36,43,66,794.33",128791
2025-08-20,EQ,158.2,162.76,158.03,159.23,161.77,161.92,161.13,170.18,122.62,28520245,"4,59,54,21,094.45",175151
2025-08-21,EQ,161.92,162.54,161.19,161.92,161.29,161.51,161.86,170.18,122.62,17282594,"2,79,72,93,208.19",188647
2025-08-22,EQ,161.25,161.28,158.1,161.51,158.3,158.55,159.76,170.18,122.62,16063984,"2,56,64,38,480.54",118594
2025-08-25,EQ,159.2,160.33,158.64,158.55,159.65,159.63,159.62,170.18,122.62,16376542,"2,61,40,49,036.29",104963
2025-08-26,EQ,159.16,159.16,154.64,159.63,155.05,155.03,156.04,170.18,122.62,19621100,"3,06,15,87,758.38",114429
2025-08-28,EQ,155.78,155.87,153.16,155.03,154.17,153.63,154.13,170.18,122.62,22269875,"3,43,25,03,613.00",122402
2025-08-29,EQ,154.5,155.1,153.05,153.63,154.5,154.48,154.39,170.18,122.62,16971859,"2,62,03,18,128.23",134583
2025-09-01,EQ,154.48,156.36,153.7,154.48,156.17,156.17,155.56,170.18,122.62,10798622,"1,67,98,36,985.28",119778
2025-09-02,EQ,156.17,159.07,155.5,156.17,158.45,158.39,157.92,170.18,122.62,21202113,"3,34,82,55,578.36",153167
2025-09-03,EQ,158.4,168.0,158.4,158.39,167.83,167.85,165.43,170.18,122.62,82352014,"13,62,36,59,440.32",422282
2025-09-04,EQ,169.0,169.3,166.62,167.85,166.7,166.81,167.24,170.18,122.62,26316842,"4,40,12,13,165.94",199237
2025-09-05,EQ,167.0,168.0,165.94,166.81,167.8,167.68,167.03,170.18,122.62,16798170,"2,80,58,13,958.21",160936
2025-09-08,EQ,170.0,172.5,168.46,167.68,168.85,168.82,170.9,172.5,122.62,36402317,"6,22,10,67,174.56",254251
2025-09-09,EQ,169.3,169.72,167.99,168.82,169.45,169.15,168.83,172.5,122.62,14028910,"2,36,85,38,301.06",112356
2025-09-10,EQ,169.19,170.73,168.75,169.15,169.35,169.43,169.65,172.5,122.62,13128306,"2,22,72,31,877.32",127830
2025-09-11,EQ,169.35,170.9,168.46,169.43,169.4,169.41,169.45,172.5,122.62,13829526,"2,34,34,67,550.95",107091
2025-09-12,EQ,169.6,171.0,168.63,169.41,169.58,169.78,169.67,172.5,122.62,12119036,"2,05,62,18,064.83",92691
2025-09-15,EQ,169.77,170.2,168.63,169.78,169.3,169.23,169.38,172.5,122.62,10611401,"1,79,73,27,327.99",112903
2025-09-16,EQ,169.39,172.27,169.02,169.23,172.0,172.02,171.3,172.5,122.62,26629438,"4,56,16,76,072.33",194179
2025-09-17,EQ,172.5,172.9,169.35,172.02,171.0,171.36,171.06,172.9,122.62,21381306,"3,65,74,11,231.09",134365
2025-09-18,EQ,171.46,172.2,169.81,171.36,172.09,172.03,171.4,172.9,122.62,16413388,"2,81,31,85,969.57",113551
2025-09-19,EQ,172.1,172.67,170.6,172.03,171.98,171.48,171.54,172.9,122.62,25406461,"4,35,82,90,313.66",107824
2025-09-22,EQ,170.8,172.21,170.51,171.48,171.4,171.39,171.4,172.9,122.62,20970704,"3,59,42,80,078.95",113244
2025-09-23,EQ,171.45,173.81,171.2,171.39,173.21,173.29,172.77,173.81,122.62,24533561,"4,23,87,37,406.43",157753
2025-09-24,EQ,173.16,174.44,172.38,173.29,172.7,172.66,173.43,174.44,122.62,20168891,"3,49,78,09,846.07",169069
2025-09-25,EQ,172.9,173.85,171.86,172.66,172.35,172.38,172.75,174.44,122.62,17026549,"2,94,13,35,157.94",132269
2025-09-26,EQ,172.22,173.37,167.2,172.38,167.35,167.4,169.01,174.44,122.62,20157657,"3,40,68,73,943.17",155844
2025-09-29,EQ,167.6,170.28,167.56,167.4,169.3,168.98,169.2,174.44,122.62,16832342,"2,84,79,70,568.50",117890
2025-09-30,EQ,169.5,170.15,168.41,168.98,169.05,168.77,169.03,174.44,122.62,24553596,"4,15,02,83,055.30",136022
2025-10-01,EQ,169.0,169.74,166.13,168.77,167.56,167.51,167.55,174.44,122.62,17542776,"2,93,93,51,263.43",155235
2025-10-03,EQ,168.12,174.74,168.12,167.51,173.29,173.21,173.25,174.74,122.62,55172705,"9,55,88,14,164.10",231073
2025-10-06,EQ,173.3,173.48,169.3,173.21,170.35,170.06,170.45,174.74,122.62,21474004,"3,66,02,41,985.27",144676
2025-10-07,EQ,170.4,172.2,170.4,170.06,171.5,171.43,171.36,174.74,122.62,19189843,"3,28,83,88,049.36",101492
2025-10-08,EQ,172.0,173.63,170.06,171.43,172.2,171.94,172.15,174.74,122.62,22662699,"3,90,13,25,663.94",119943
2025-10-09,EQ,172.79,177.82,172.78,171.94,176.21,176.42,176.24,177.82,122.62,68504717,"12,07,32,53,375.17",324604
2025-10-10,EQ,176.0,176.14,172.9,176.42,173.85,173.86,173.77,177.82,122.62,18085975,"3,14,27,70,545.50",121139
2025-10-13,EQ,173.0,173.8,170.91,173.86,173.4,173.03,172.37,177.82,122.62,19386219,"3,34,15,08,151.04",128139
2025-10-14,EQ,174.91,176.45,169.25,173.03,169.32,170.51,171.78,177.82,122.62,22082970,"3,79,34,85,094.01",148175
2025-10-15,EQ,170.83,174.0,170.11,170.51,173.0,173.24,172.92,177.82,122.62,15031989,"2,59,93,42,035.68",112418
2025-10-16,EQ,173.0,174.49,172.22,173.24,173.6,174.0,173.52,177.82,122.62,12205250,"2,11,78,51,922.07",110540
2025-10-17,EQ,173.6,174.31,170.99,174.0,171.5,172.22,172.4,177.82,122.62,21659007,"3,73,40,59,297.06",115444
2025-10-20,EQ,173.3,173.3,170.82,172.22,172.1,171.95,171.89,177.82,122.62,18049579,"3,10,24,52,657.10",123559
2025-10-21,EQ,172.4,173.25,172.1,171.95,172.68,172.78,172.75,177.82,122.62,2471987,"42,70,27,255.19",34539
2025-10-23,EQ,173.9,176.08,173.64,172.78,174.0,174.16,174.74,177.82,122.62,31472510,"5,49,94,40,199.34",171010
2025-10-24,EQ,174.6,177.35,173.72,174.16,174.42,174.44,175.14,177.82,122.62,25226376,"4,41,82,05,824.99",131563
2025-10-27,EQ,175.89,177.9,175.53,174.44,176.61,176.66,176.83,177.9,122.62,23832477,"4,21,42,08,147.16",145635
2025-10-28,EQ,177.35,182.06,177.02,176.66,181.65,181.81,180.69,182.06,122.62,59511794,"10,75,32,71,781.54",300108
2025-10-29,EQ,183.67,186.94,182.05,181.81,185.0,185.19,185.23,186.94,122.62,51610530,"9,56,00,13,023.60",276781
2025-10-30,EQ,184.4,185.19,182.64,185.19,184.45,184.35,183.46,186.94,122.62,24270977,"4,45,28,35,993.47",174110
2025-10-31,EQ,184.0,184.3,182.12,184.35,182.9,182.84,183.02,186.94,122.62,16041321,"2,93,59,57,168.59",135184
2025-11-03,EQ,182.4,184.1,181.8,182.84,182.7,182.67,182.88,186.94,122.62,16652212,"3,04,53,92,729.64",130699
2025-11-04,EQ,183.0,183.09,178.9,182.67,179.35,179.29,180.22,186.94,122.62,18746387,"3,37,84,20,599.57",129742
2025-11-06,EQ,179.29,180.67,176.52,179.29,177.35,177.27,177.84,186.94,122.62,23664538,"4,20,84,79,735.84",189659
2025-11-07,EQ,177.0,182.25,175.01,177.27,181.5,181.37,179.19,186.94,122.62,19165876,"3,43,44,11,842.58",123190
2025-11-10,EQ,182.03,182.51,180.2,181.37,181.5,181.48,181.48,186.94,122.62,18376132,"3,33,49,29,236.83",148991
2025-11-11,EQ,182.9,182.9,179.02,181.48,181.1,181.04,180.7,186.94,122.62,14109340,"2,54,96,26,090.32",121889
2025-11-12,EQ,181.44,182.15,178.0,181.04,178.7,178.61,179.57,186.94,122.62,19037263,"3,41,85,08,992.03",143638
2025-11-13,EQ,184.0,184.0,175.1,178.61,176.55,176.65,179.35,186.94,122.62,82083661,"14,72,20,85,938.16",302852
2025-11-14,EQ,177.52,177.7,172.12,176.65,174.0,174.26,173.94,186.94,122.62,38345500,"6,66,99,35,058.64",213625
2025-11-17,EQ,175.13,175.25,172.62,174.26,173.4,173.17,173.36,186.94,122.62,28204282,"4,88,95,08,467.17",151929
2025-11-18,EQ,172.4,173.12,170.55,173.17,172.44,172.45,171.82,186.94,122.62,34278387,"5,88,97,58,002.57",126450
2025-11-19,EQ,172.45,173.9,172.06,172.45,173.2,173.21,173.0,186.94,122.62,19621610,"3,39,46,14,826.66",114117
2025-11-20,EQ,174.1,174.36,172.26,173.21,172.4,172.46,172.93,186.94,122.62,15968891,"2,76,15,58,163.58",120735
2025-11-21,EQ,171.8,171.9,167.7,172.46,168.0,168.0,169.39,186.94,122.62,28412865,"4,81,29,79,005.91",143970
2025-11-24,EQ,168.0,168.38,165.18,168.0,165.5,165.36,166.04,186.94,122.62,31202769,"5,18,08,90,017.52",133342
2025-11-25,EQ,166.0,167.27,165.08,165.36,166.16,166.33,166.29,186.94,122.62,19983310,"3,32,29,47,224.57",148206
2025-11-26,EQ,167.0,169.95,166.9,166.33,169.59,169.67,169.26,186.94,122.62,15044796,"2,54,64,29,211.91",108996
2025-11-27,EQ,170.45,171.0,167.18,169.67,168.1,168.13,168.71,186.94,122.62,17546627,"2,96,02,71,021.31",129556
2025-11-28,EQ,168.13,169.0,167.29,168.13,168.14,167.96,168.06,186.94,122.62,11975539,"2,01,26,26,665.65",107176
2025-12-01,EQ,169.0,169.65,167.7,167.96,168.6,168.63,168.56,186.94,122.62,11758473,"1,98,19,77,612.27",122675
2025-12-02,EQ,168.43,168.85,167.0,168.63,167.89,167.78,167.8,186.94,122.62,15355023,"2,57,65,40,329.95",154239
2025-12-03,EQ,167.78,167.99,165.0,167.78,166.85,166.92,166.32,186.94,122.62,18873943,"3,13,91,82,867.65",144843
2025-12-04,EQ,167.8,167.97,166.2,166.92,166.9,166.77,166.93,186.94,122.62,11419966,"1,90,63,90,648.70",122230
2025-12-05,EQ,167.0,167.65,165.0,166.77,167.39,167.11,165.82,186.94,122.62,33500436,"5,55,50,23,660.21",119942
2025-12-08,EQ,167.09,168.2,163.0,167.11,163.5,163.47,164.74,186.94,122.62,15772400,"2,59,83,40,828.31",143653
2025-12-09,EQ,163.39,163.39,160.06,163.47,160.99,160.67,161.41,186.94,122.62,25766371,"4,15,89,39,007.31",206014
2025-12-10,EQ,161.0,163.68,160.81,160.67,162.0,162.23,162.27,186.94,122.62,22537548,"3,65,72,31,933.78",199408
2025-12-11,EQ,163.5,166.66,163.17,162.23,166.4,166.38,164.96,186.94,122.62,32603566,"5,37,82,33,256.81",175721
2025-12-12,EQ,167.6,172.5,167.4,166.38,172.0,171.89,170.7,186.94,122.62,41130927,"7,02,09,42,884.67",331595
2025-12-15,EQ,170.95,173.17,170.5,171.89,172.7,172.87,172.45,186.94,122.62,23254201,"4,01,02,73,717.67",250886
2025-12-16,EQ,172.7,172.7,169.25,172.87,169.8,169.83,170.21,186.94,122.62,22981935,"3,91,18,60,834.36",203504
2025-12-17,EQ,170.09,171.3,169.66,169.83,170.29,170.34,170.28,186.94,122.62,11624504,"1,97,93,64,368.97",133540
2025-12-18,EQ,169.92,170.45,167.56,170.34,167.95,168.12,169.05,186.94,122.62,13152378,"2,22,33,52,193.86",129480
2025-12-19,EQ,169.15,169.62,167.83,168.12,168.8,168.69,168.6,186.94,122.62,28448892,"4,79,64,27,579.50",145333
2025-12-22,EQ,169.04,171.46,169.0,168.69,169.06,169.22,170.0,186.94,122.62,23729300,"4,03,40,06,284.29",168942
2025-12-23,EQ,169.35,171.35,169.25,169.22,170.82,170.9,170.54,186.94,122.62,17348078,"2,95,85,38,412.04",129321
2025-12-24,EQ,171.35,171.65,169.67,170.9,169.89,170.07,170.67,186.94,122.62,17430406,"2,97,48,33,228.87",100506
2025-12-26,EQ,169.89,169.9,167.82,170.07,169.05,169.12,168.71,186.94,122.62,16904834,"2,85,20,49,160.84",114915
2025-12-29,EQ,169.51,174.13,169.29,169.12,172.3,172.3,172.74,186.94,122.62,48001907,"8,29,16,44,748.20",201065
2025-12-30,EQ,172.78,176.35,170.8,172.3,175.68,175.8,174.36,186.94,122.62,33741158,"5,88,31,71,811.78",211409
2025-12-31,EQ,180.0,181.4,178.5,175.8,179.93,180.08,180.1,186.94,122.62,50897201,"9,16,63,55,732.62",394423
2026-01-01,EQ,180.6,182.2,180.2,180.08,181.74,181.89,181.32,186.94,122.62,21507757,"3,89,98,81,548.82",139910
